Agency,SKU,Volume
Agency_23,SKU_06,0.0
Agency_34,SKU_20,0.0
Agency_24,SKU_02,102.86597362313016
Agency_40,SKU_06,0.0
Agency_42,SKU_32,0.0
Agency_08,SKU_02,2.253046597248664
Agency_35,SKU_26,0.0
Agency_13,SKU_18,0.0
Agency_40,SKU_27,0.0
Agency_07,SKU_04,2197.333311591485
Agency_56,SKU_12,0.0
Agency_11,SKU_14,0.0
Agency_21,SKU_28,0.0
Agency_18,SKU_08,0.0
Agency_50,SKU_12,0.0
Agency_60,SKU_21,0.0
Agency_17,SKU_28,0.0
Agency_29,SKU_06,10.17533793871664
Agency_56,SKU_14,0.0
Agency_11,SKU_24,0.0
Agency_26,SKU_21,0.0
Agency_08,SKU_24,0.0
Agency_01,SKU_32,0.0
Agency_33,SKU_22,0.0
Agency_02,SKU_34,124.42861983083883
Agency_47,SKU_07,0.0
Agency_41,SKU_14,0.0
Agency_01,SKU_26,0.0
Agency_42,SKU_05,455.9857767394102
Agency_03,SKU_18,0.0
Agency_36,SKU_02,0.0
Agency_10,SKU_26,0.0
Agency_40,SKU_08,0.0
Agency_31,SKU_06,0.0
Agency_35,SKU_12,0.0
Agency_07,SKU_03,598.4777590594491
Agency_37,SKU_04,3.4753742086287023
Agency_08,SKU_23,0.0
Agency_31,SKU_26,0.0
Agency_50,SKU_08,0.0
Agency_37,SKU_28,0.0
Agency_08,SKU_03,11.380223036696837
Agency_44,SKU_05,4.2860931972222325
Agency_50,SKU_03,473.39994929363985
Agency_31,SKU_02,35.7122762530502
Agency_16,SKU_12,0.0
Agency_49,SKU_03,12764.21755195576
Agency_32,SKU_12,0.0
Agency_54,SKU_14,0.0
Agency_38,SKU_23,0.0
Agency_11,SKU_28,0.0
Agency_02,SKU_32,0.0
Agency_16,SKU_06,0.0
Agency_08,SKU_08,0.0
Agency_01,SKU_06,0.0
Agency_29,SKU_21,0.0
Agency_02,SKU_05,1510.3712097206408
Agency_29,SKU_26,0.0
Agency_48,SKU_06,0.0
Agency_25,SKU_27,0.0
Agency_54,SKU_07,0.0
Agency_16,SKU_23,0.0
Agency_54,SKU_15,0.0
Agency_49,SKU_18,0.0
Agency_55,SKU_12,0.0
Agency_41,SKU_12,0.0
Agency_23,SKU_18,0.0
Agency_46,SKU_21,0.0
Agency_50,SKU_28,0.0
Agency_40,SKU_02,0.0
Agency_31,SKU_20,0.0
Agency_37,SKU_01,0.0
Agency_07,SKU_21,0.04292451757562662
Agency_59,SKU_15,0.0
Agency_17,SKU_03,55.440218840820066
Agency_17,SKU_14,0.0
Agency_10,SKU_14,0.0
Agency_58,SKU_07,34.65731907330268
Agency_31,SKU_22,0.0
Agency_18,SKU_20,0.0
Agency_23,SKU_01,30.803037371774693
Agency_20,SKU_14,0.0
Agency_34,SKU_12,0.0
Agency_57,SKU_20,0.0
Agency_40,SKU_31,0.0
Agency_02,SKU_27,0.0
Agency_59,SKU_34,0.0
Agency_60,SKU_31,0.0
Agency_12,SKU_12,0.0
Agency_25,SKU_14,0.0
Agency_58,SKU_23,0.0
Agency_60,SKU_02,6276.693402071647
Agency_30,SKU_24,0.0
Agency_02,SKU_21,0.0
Agency_60,SKU_27,0.0
Agency_37,SKU_11,0.0
Agency_49,SKU_01,1963.6658111629522
Agency_48,SKU_07,11.46010408347503
Agency_13,SKU_04,767.04976903398
Agency_45,SKU_12,0.0
Agency_44,SKU_02,2.915922176199529
Agency_02,SKU_22,0.0
Agency_56,SKU_20,0.0
Agency_40,SKU_15,0.0
Agency_54,SKU_28,0.0
Agency_46,SKU_02,4340.348627796047
Agency_39,SKU_34,0.0
Agency_31,SKU_01,184.34497313159756
Agency_04,SKU_23,0.0
Agency_03,SKU_26,0.0
Agency_33,SKU_24,0.0
Agency_42,SKU_24,0.0
Agency_02,SKU_18,0.0
Agency_57,SKU_18,0.0
Agency_09,SKU_01,3310.9866704377696
Agency_38,SKU_27,0.0
Agency_30,SKU_31,0.0
Agency_43,SKU_05,534.3484834432251
Agency_36,SKU_24,0.0
Agency_20,SKU_18,0.0
Agency_56,SKU_27,0.0
Agency_53,SKU_12,0.0
Agency_41,SKU_24,0.0
Agency_12,SKU_21,0.0
Agency_37,SKU_20,0.0
Agency_37,SKU_22,0.0
Agency_27,SKU_02,711.5290894075368
Agency_27,SKU_11,0.0
Agency_57,SKU_22,0.0
Agency_59,SKU_27,0.0
Agency_28,SKU_12,0.0
Agency_19,SKU_02,70.45255585895495
Agency_48,SKU_24,0.0
Agency_50,SKU_17,0.7207333203956707
Agency_46,SKU_11,0.0
Agency_12,SKU_31,0.0
Agency_42,SKU_28,0.0
Agency_37,SKU_14,0.0
Agency_20,SKU_15,0.0
Agency_35,SKU_24,0.0
Agency_43,SKU_27,0.0
Agency_34,SKU_21,0.0
Agency_25,SKU_03,3.069490405353676
Agency_57,SKU_07,128.63947598508418
Agency_02,SKU_23,0.0
Agency_58,SKU_22,0.0
Agency_13,SKU_27,0.0
Agency_24,SKU_20,0.0
Agency_58,SKU_08,0.0
Agency_05,SKU_03,907.91864312759
Agency_19,SKU_12,0.0
Agency_04,SKU_32,0.0
Agency_11,SKU_05,7.415182161811031
Agency_43,SKU_18,0.0
Agency_02,SKU_08,0.0
Agency_39,SKU_31,0.0
Agency_12,SKU_26,0.0
Agency_33,SKU_06,0.0
Agency_01,SKU_27,0.0
Agency_37,SKU_05,0.0
Agency_48,SKU_05,1797.6381457670195
Agency_05,SKU_20,0.0
Agency_31,SKU_07,0.0
Agency_16,SKU_07,24.20751382002919
Agency_32,SKU_31,0.0
Agency_43,SKU_14,0.0
Agency_13,SKU_05,1513.3793274781992
Agency_56,SKU_17,0.0
Agency_18,SKU_27,0.0
Agency_51,SKU_01,4499.717441540978
Agency_47,SKU_23,0.0
Agency_33,SKU_32,0.0
Agency_13,SKU_15,0.0
Agency_53,SKU_20,0.0
Agency_57,SKU_32,0.0
Agency_37,SKU_15,0.0
Agency_37,SKU_17,0.0
Agency_10,SKU_32,22.247982016158833
Agency_36,SKU_11,0.0
Agency_24,SKU_04,83.31404953090963
Agency_54,SKU_26,0.0
Agency_23,SKU_14,0.0
Agency_40,SKU_21,0.0
Agency_20,SKU_31,0.0
Agency_09,SKU_18,0.0
Agency_46,SKU_15,0.0
Agency_17,SKU_23,0.0
Agency_40,SKU_12,0.0
Agency_24,SKU_27,0.0
Agency_20,SKU_21,0.005562657705888644
Agency_12,SKU_07,7.703114624361247
Agency_26,SKU_17,0.0
Agency_21,SKU_21,0.023561132107349156
Agency_58,SKU_05,1489.7908617426992
Agency_54,SKU_11,0.0
Agency_59,SKU_31,0.0
Agency_58,SKU_26,0.0
Agency_29,SKU_20,0.0
Agency_16,SKU_21,0.0
Agency_46,SKU_18,0.0
Agency_40,SKU_24,0.0
Agency_16,SKU_18,0.0
Agency_46,SKU_17,5.825957020326037
Agency_33,SKU_03,2.1631505216266116
Agency_57,SKU_01,11431.93658773628
Agency_53,SKU_17,0.0
Agency_53,SKU_03,467.19844761846093
Agency_22,SKU_15,0.0
Agency_35,SKU_03,1.4473502329835375
Agency_35,SKU_34,0.0
Agency_49,SKU_22,0.0
Agency_11,SKU_01,252.55547884412746
Agency_34,SKU_05,0.0
Agency_53,SKU_11,0.0
Agency_24,SKU_22,0.0
Agency_44,SKU_15,0.0
Agency_01,SKU_12,0.0
Agency_03,SKU_03,9985.37111313298
Agency_52,SKU_18,0.0
Agency_44,SKU_22,0.0
Agency_30,SKU_21,0.0
Agency_17,SKU_06,0.0
Agency_42,SKU_12,0.0
Agency_32,SKU_15,0.0
Agency_03,SKU_17,0.0
Agency_56,SKU_15,0.0
Agency_44,SKU_31,0.0
Agency_36,SKU_03,6.40768395503839
Agency_10,SKU_03,3757.714677954252
Agency_48,SKU_18,0.0
Agency_43,SKU_06,0.0
Agency_23,SKU_17,0.0
Agency_50,SKU_14,0.0
Agency_18,SKU_28,0.0
Agency_49,SKU_08,0.0
Agency_04,SKU_22,0.0
Agency_10,SKU_01,1754.2561391744234
Agency_32,SKU_23,0.0
Agency_07,SKU_32,0.0
Agency_53,SKU_02,3919.9250765765423
Agency_23,SKU_02,45.72964939439568
Agency_02,SKU_04,3443.801930717402
Agency_53,SKU_14,0.0
Agency_27,SKU_18,0.0
Agency_38,SKU_22,0.0
Agency_18,SKU_03,12.397589856874287
Agency_59,SKU_14,0.0
Agency_12,SKU_03,523.6950662574818
Agency_58,SKU_03,248.094052499489
Agency_26,SKU_03,1.8615949236100153
Agency_25,SKU_06,0.0
Agency_55,SKU_24,0.0
Agency_58,SKU_17,0.8995660356999847
Agency_51,SKU_22,0.0
Agency_03,SKU_24,0.0
Agency_50,SKU_22,0.0
Agency_22,SKU_20,0.0
Agency_23,SKU_20,0.0
Agency_51,SKU_06,0.0
Agency_34,SKU_04,34.42758265696267
Agency_25,SKU_08,0.0
Agency_15,SKU_20,0.0
Agency_45,SKU_11,0.0
Agency_38,SKU_07,30.035098753100648
Agency_08,SKU_18,0.0
Agency_23,SKU_04,64.2667152964265
Agency_27,SKU_07,0.0
Agency_49,SKU_21,0.0
Agency_29,SKU_03,5.039763517635296
Agency_60,SKU_05,2035.5939361164906
Agency_21,SKU_26,0.0
Agency_52,SKU_11,0.0
Agency_13,SKU_12,0.0
Agency_23,SKU_27,0.0
Agency_39,SKU_28,0.0
Agency_25,SKU_05,629.1351378111984
Agency_49,SKU_23,1.2215964411080105
Agency_45,SKU_26,0.0
Agency_55,SKU_32,0.0
Agency_60,SKU_08,0.0
Agency_11,SKU_27,0.0
Agency_27,SKU_08,148.35344180971356
Agency_50,SKU_20,0.0
Agency_21,SKU_06,0.0
Agency_28,SKU_04,31.83452140885867
Agency_03,SKU_04,987.4302108387906
Agency_40,SKU_34,0.0
Agency_48,SKU_21,0.0
Agency_08,SKU_12,0.0
Agency_23,SKU_22,0.0
Agency_48,SKU_32,0.0
Agency_49,SKU_27,0.0
Agency_42,SKU_17,0.0
Agency_40,SKU_32,0.0
Agency_52,SKU_23,0.0
Agency_30,SKU_12,0.0
Agency_23,SKU_21,0.4025860642586403
Agency_52,SKU_26,0.0
Agency_28,SKU_11,0.0
Agency_47,SKU_12,0.0
Agency_17,SKU_11,0.0
Agency_17,SKU_32,0.0
Agency_59,SKU_23,0.0
Agency_23,SKU_08,0.0
Agency_28,SKU_18,0.0
Agency_33,SKU_08,0.0
Agency_26,SKU_14,0.0
Agency_25,SKU_11,0.0
Agency_49,SKU_15,0.0
Agency_16,SKU_14,0.0
Agency_54,SKU_06,0.0
Agency_18,SKU_22,0.0
Agency_42,SKU_03,1726.7138242224937
Agency_42,SKU_01,270.44392843431774
Agency_34,SKU_24,0.0
Agency_20,SKU_11,0.0
Agency_53,SKU_07,2.8102443638975836
Agency_58,SKU_28,0.0
Agency_47,SKU_15,0.0
Agency_54,SKU_02,45.00982131919569
Agency_08,SKU_34,0.0
Agency_01,SKU_01,49.19817131546192
Agency_01,SKU_14,0.0
Agency_57,SKU_03,2216.5142177122725
Agency_36,SKU_22,0.46450421187808866
Agency_13,SKU_06,0.0
Agency_05,SKU_27,0.0
Agency_44,SKU_27,0.0
Agency_04,SKU_31,0.0
Agency_09,SKU_22,0.0
Agency_35,SKU_22,0.0
Agency_09,SKU_11,0.0
Agency_10,SKU_07,0.0
Agency_39,SKU_21,0.0
Agency_35,SKU_18,0.0
Agency_34,SKU_34,0.0
Agency_38,SKU_20,0.0
Agency_31,SKU_03,536.3681917321024
Agency_30,SKU_18,0.0
Agency_48,SKU_02,755.2706951559902
Agency_26,SKU_01,1.0825222084459147
Agency_49,SKU_14,0.0
Agency_30,SKU_07,0.0
Agency_25,SKU_32,0.0
Agency_02,SKU_03,18537.107209271024
Agency_57,SKU_06,0.0
Agency_12,SKU_15,0.0
Agency_13,SKU_11,0.0
Agency_33,SKU_11,0.0
Agency_02,SKU_02,5132.524871031351
Agency_25,SKU_24,0.0
Agency_18,SKU_34,0.0
Agency_34,SKU_23,0.0
Agency_31,SKU_31,0.0
Agency_13,SKU_22,0.0
Agency_08,SKU_17,0.0
Agency_50,SKU_18,0.0
Agency_03,SKU_08,0.0
Agency_55,SKU_21,0.0
Agency_41,SKU_02,4474.3932731447185
Agency_50,SKU_26,0.0
Agency_18,SKU_18,0.0
Agency_51,SKU_28,0.0
Agency_10,SKU_22,0.0
Agency_56,SKU_03,7793.5400597600255
Agency_10,SKU_24,0.0
Agency_22,SKU_04,76.93191144251217
Agency_13,SKU_03,109.31306586490483
Agency_42,SKU_14,0.0
Agency_12,SKU_08,0.0
Agency_60,SKU_06,0.0
Agency_21,SKU_03,37.99814144230803
Agency_15,SKU_17,0.0
Agency_15,SKU_18,0.0
Agency_39,SKU_06,0.0
Agency_59,SKU_21,0.0
Agency_49,SKU_05,2778.41947699722
Agency_12,SKU_06,0.0
Agency_18,SKU_04,260.63843226051915
Agency_30,SKU_05,299.7832245106018
Agency_13,SKU_31,0.0
Agency_07,SKU_18,0.0
Agency_02,SKU_07,0.0
Agency_32,SKU_34,0.0
Agency_20,SKU_06,0.0
Agency_19,SKU_04,109.09491250739269
Agency_08,SKU_26,0.0
Agency_54,SKU_17,0.0
Agency_52,SKU_04,248.9612530926731
Agency_20,SKU_01,3279.725388367398
Agency_04,SKU_08,0.0
Agency_23,SKU_23,0.0
Agency_52,SKU_02,1197.6480079610724
Agency_22,SKU_27,0.0
Agency_55,SKU_26,0.0
Agency_19,SKU_17,0.0
Agency_44,SKU_11,0.0
Agency_39,SKU_08,0.0
Agency_41,SKU_06,0.0
Agency_58,SKU_21,0.0
Agency_54,SKU_21,0.0
Agency_19,SKU_20,0.0
Agency_59,SKU_07,15.228738396607849
Agency_43,SKU_22,0.0
Agency_51,SKU_27,0.0
Agency_55,SKU_04,3250.483583556274
Agency_09,SKU_24,0.0
Agency_33,SKU_27,0.0
Agency_15,SKU_04,151.78409924626519
Agency_02,SKU_31,50.69864225642075
Agency_41,SKU_07,0.0
Agency_01,SKU_24,0.0
Agency_11,SKU_31,0.0
Agency_10,SKU_21,1.7236876839723285
Agency_37,SKU_34,0.0
Agency_29,SKU_34,0.0
Agency_19,SKU_05,86.54121470810793
Agency_48,SKU_34,0.0
Agency_22,SKU_24,0.0
Agency_09,SKU_07,0.0
Agency_12,SKU_20,0.0
Agency_42,SKU_23,0.0
Agency_38,SKU_04,1531.8679490206825
Agency_01,SKU_07,0.0
Agency_47,SKU_20,0.0
Agency_39,SKU_04,1449.8153067262165
Agency_19,SKU_24,0.0
Agency_51,SKU_20,0.0
Agency_09,SKU_32,0.0
Agency_38,SKU_15,0.0
Agency_57,SKU_31,0.0
Agency_36,SKU_12,0.0
Agency_30,SKU_26,0.0
Agency_53,SKU_27,0.0
Agency_17,SKU_34,0.0
Agency_60,SKU_26,0.0
Agency_55,SKU_06,0.0
Agency_38,SKU_26,0.0
Agency_02,SKU_14,0.0
Agency_56,SKU_08,0.0
Agency_60,SKU_23,1.563483535519491
Agency_58,SKU_20,0.0
Agency_56,SKU_06,0.0
Agency_48,SKU_01,2676.3425227577095
Agency_20,SKU_32,0.0
Agency_04,SKU_28,0.0
Agency_22,SKU_32,0.0
Agency_59,SKU_18,0.0
Agency_48,SKU_08,0.0
Agency_02,SKU_24,0.0
Agency_52,SKU_14,0.0
Agency_04,SKU_27,0.0
Agency_58,SKU_01,4616.634969179116
Agency_55,SKU_01,2574.2790629058295
Agency_11,SKU_02,5.802847188739721
Agency_35,SKU_01,0.0
Agency_47,SKU_14,0.0
Agency_38,SKU_28,0.0
Agency_44,SKU_28,0.0
Agency_15,SKU_05,185.79888870449318
Agency_05,SKU_14,0.0
Agency_28,SKU_24,0.0
Agency_51,SKU_24,0.0
Agency_05,SKU_23,0.15357464095142315
Agency_55,SKU_20,0.0
Agency_08,SKU_11,0.0
Agency_18,SKU_15,0.0
Agency_50,SKU_24,0.0
Agency_41,SKU_08,0.0
Agency_30,SKU_01,825.7630621417544
Agency_25,SKU_22,0.0
Agency_34,SKU_18,0.0
Agency_28,SKU_26,0.0
Agency_30,SKU_27,0.0
Agency_25,SKU_07,0.0
Agency_28,SKU_34,0.0
Agency_45,SKU_15,0.0
Agency_15,SKU_22,0.0
Agency_40,SKU_20,0.0
Agency_44,SKU_03,147.9805570800757
Agency_31,SKU_14,0.0
Agency_56,SKU_28,0.0
Agency_22,SKU_21,0.0
Agency_47,SKU_06,0.0
Agency_35,SKU_02,0.0
Agency_15,SKU_32,0.0
Agency_01,SKU_23,0.0
Agency_15,SKU_23,0.0
Agency_32,SKU_26,0.0
Agency_39,SKU_23,0.0
Agency_27,SKU_12,0.0
Agency_52,SKU_08,0.0
Agency_01,SKU_17,0.0
Agency_59,SKU_32,0.0
Agency_22,SKU_12,0.0
Agency_50,SKU_21,0.0
Agency_21,SKU_11,0.0
Agency_49,SKU_34,14.394189904250343
Agency_11,SKU_21,0.0
Agency_09,SKU_04,1621.4786567933031
Agency_04,SKU_24,0.0
Agency_56,SKU_34,0.0
Agency_10,SKU_20,0.0
Agency_53,SKU_24,0.0
Agency_55,SKU_15,0.0
Agency_02,SKU_15,0.0
Agency_51,SKU_18,0.0
Agency_36,SKU_04,18.110590339240204
Agency_33,SKU_20,0.0
Agency_58,SKU_18,0.0
Agency_42,SKU_31,0.0
Agency_34,SKU_28,0.0
Agency_50,SKU_04,2217.9390903047483
Agency_43,SKU_12,0.0
Agency_16,SKU_22,0.0
Agency_46,SKU_08,0.0
Agency_04,SKU_02,3.758086893249489
Agency_44,SKU_08,0.0
Agency_01,SKU_03,12.360405836635424
Agency_35,SKU_28,0.0
Agency_30,SKU_34,0.0
Agency_02,SKU_28,0.0
Agency_12,SKU_18,0.0
Agency_22,SKU_23,0.0
Agency_27,SKU_06,68.92280732112002
Agency_01,SKU_31,0.0
Agency_19,SKU_14,0.0
Agency_29,SKU_14,0.0
Agency_29,SKU_02,0.9756032437083038
Agency_01,SKU_05,17.15776588175986
Agency_33,SKU_15,0.0
Agency_58,SKU_32,0.0
Agency_52,SKU_06,0.0
Agency_55,SKU_34,0.0
Agency_07,SKU_08,0.0
Agency_60,SKU_34,0.0
Agency_18,SKU_21,0.0
Agency_05,SKU_06,0.0
Agency_46,SKU_01,3980.069367882263
Agency_39,SKU_03,180.41067836184115
Agency_32,SKU_18,0.0
Agency_56,SKU_32,0.0
Agency_21,SKU_05,299.9323936181914
Agency_17,SKU_08,0.0
Agency_03,SKU_14,0.0
Agency_32,SKU_07,0.0
Agency_13,SKU_08,0.0
Agency_24,SKU_01,2.476530161504069
Agency_48,SKU_20,0.0
Agency_58,SKU_11,0.0
Agency_19,SKU_08,1.0549087925008402
Agency_49,SKU_24,0.0
Agency_07,SKU_05,252.51349060779228
Agency_57,SKU_02,10070.71118104569
Agency_27,SKU_27,0.0
Agency_43,SKU_23,0.0
Agency_20,SKU_12,0.0
Agency_31,SKU_15,0.0
Agency_45,SKU_27,0.0
Agency_33,SKU_17,0.0
Agency_48,SKU_27,0.0
Agency_30,SKU_06,0.8342290017872643
Agency_37,SKU_12,0.0
Agency_27,SKU_31,0.0
Agency_32,SKU_21,0.0
Agency_18,SKU_06,0.0
Agency_15,SKU_15,0.0
Agency_17,SKU_05,749.9854320285556
Agency_08,SKU_31,0.0
Agency_17,SKU_18,0.0
Agency_05,SKU_32,0.0
Agency_07,SKU_06,0.0
Agency_53,SKU_08,0.0
Agency_05,SKU_11,0.0
Agency_05,SKU_04,5731.3723968886925
Agency_33,SKU_05,0.0
Agency_19,SKU_34,0.0
Agency_13,SKU_01,6643.644872054237
Agency_18,SKU_26,0.0
Agency_44,SKU_24,0.0
Agency_47,SKU_34,0.0
Agency_19,SKU_28,0.0
Agency_19,SKU_21,0.0
Agency_50,SKU_07,0.0
Agency_28,SKU_22,0.0
Agency_46,SKU_14,0.0
Agency_53,SKU_34,0.0
Agency_20,SKU_08,0.0
Agency_45,SKU_08,3.2346664069905047
Agency_22,SKU_26,0.0
Agency_01,SKU_15,0.0
Agency_26,SKU_04,2.4024205479724783
Agency_19,SKU_26,0.0
Agency_07,SKU_11,0.0
Agency_18,SKU_24,0.0
Agency_46,SKU_12,0.0
Agency_44,SKU_04,99.59978091091854
Agency_39,SKU_14,0.0
Agency_33,SKU_04,33.859445334682825
Agency_35,SKU_21,0.0
Agency_34,SKU_15,0.0
Agency_45,SKU_02,77.31883000665638
Agency_44,SKU_14,0.0
Agency_24,SKU_18,0.0
Agency_03,SKU_11,0.0
Agency_28,SKU_14,0.0
Agency_59,SKU_04,1479.7247659546601
Agency_27,SKU_28,0.0
Agency_03,SKU_20,0.0
Agency_53,SKU_31,0.0
Agency_13,SKU_28,0.0
Agency_27,SKU_32,0.0
Agency_10,SKU_17,0.0
Agency_10,SKU_06,0.0
Agency_58,SKU_04,1034.878731424696
Agency_01,SKU_18,0.0
Agency_07,SKU_27,0.0
Agency_29,SKU_22,0.0
Agency_57,SKU_11,0.0
Agency_09,SKU_14,0.0
Agency_39,SKU_32,0.0
Agency_12,SKU_14,0.0
Agency_09,SKU_02,1387.4604352343456
Agency_12,SKU_24,0.0
Agency_10,SKU_12,0.0
Agency_28,SKU_21,0.0
Agency_05,SKU_08,0.0
Agency_32,SKU_02,2365.574109137653
Agency_57,SKU_17,0.07817100043123013
Agency_35,SKU_05,0.0
Agency_17,SKU_17,0.0
Agency_18,SKU_01,6.05421006749547
Agency_04,SKU_12,0.0
Agency_25,SKU_15,0.0
Agency_21,SKU_24,0.0
Agency_42,SKU_02,146.10231592329643
Agency_60,SKU_07,65.0513251722376
Agency_59,SKU_12,0.0
Agency_45,SKU_20,0.0
Agency_26,SKU_26,0.0
Agency_17,SKU_22,0.0
Agency_13,SKU_34,0.0
Agency_56,SKU_04,3422.2755256283895
Agency_25,SKU_04,13.67654339199795
Agency_32,SKU_03,1206.427701539612
Agency_42,SKU_34,0.0
Agency_22,SKU_11,0.0
Agency_17,SKU_26,0.0
Agency_13,SKU_20,7.9832501954035555
Agency_59,SKU_17,0.10820340733802888
Agency_12,SKU_17,0.0
Agency_30,SKU_20,0.0
Agency_03,SKU_22,0.0
Agency_49,SKU_02,2976.9230061940134
Agency_08,SKU_01,180.5328011475914
Agency_22,SKU_14,0.0
Agency_26,SKU_27,0.0
Agency_55,SKU_08,0.0
Agency_32,SKU_11,0.0
Agency_25,SKU_21,0.6379647818055196
Agency_53,SKU_15,0.021251237941439495
Agency_30,SKU_11,0.0
Agency_60,SKU_14,0.0
Agency_16,SKU_11,0.0
Agency_22,SKU_22,0.0
Agency_11,SKU_22,0.0
Agency_44,SKU_12,0.0
Agency_05,SKU_34,0.0
Agency_48,SKU_26,0.0
Agency_23,SKU_11,0.0
Agency_36,SKU_15,0.0
Agency_34,SKU_11,0.0
Agency_47,SKU_24,0.0
Agency_15,SKU_34,0.0
Agency_52,SKU_12,0.0
Agency_05,SKU_24,0.0
Agency_47,SKU_08,0.0
Agency_35,SKU_15,0.0
Agency_02,SKU_01,4314.361882122216
Agency_39,SKU_20,0.0
Agency_29,SKU_17,0.0
Agency_27,SKU_22,0.0
Agency_20,SKU_03,216.43510347882028
Agency_56,SKU_01,3170.8064169592217
Agency_24,SKU_24,0.0
Agency_41,SKU_21,0.0
Agency_24,SKU_32,0.0
Agency_20,SKU_34,0.0
Agency_09,SKU_28,0.0
Agency_40,SKU_11,0.0
Agency_58,SKU_31,0.0
Agency_35,SKU_11,0.0
Agency_09,SKU_34,0.0
Agency_26,SKU_08,0.0
Agency_16,SKU_03,102.82518312267915
Agency_09,SKU_31,0.0
Agency_04,SKU_01,11.44200197065354
Agency_39,SKU_26,0.0
Agency_55,SKU_31,0.0
Agency_39,SKU_27,0.0
Agency_34,SKU_31,0.0
Agency_43,SKU_17,0.0
Agency_43,SKU_31,0.0
Agency_27,SKU_23,0.0
Agency_23,SKU_28,0.0
Agency_30,SKU_32,0.0
Agency_23,SKU_03,16.03595081705537
Agency_13,SKU_24,0.0
Agency_48,SKU_14,0.0
Agency_46,SKU_23,0.0
Agency_60,SKU_12,0.0
Agency_15,SKU_03,68.90719022101756
Agency_60,SKU_32,0.0
Agency_41,SKU_32,0.0
Agency_31,SKU_28,0.0
Agency_26,SKU_06,0.0
Agency_40,SKU_01,0.0
Agency_04,SKU_06,0.0
Agency_51,SKU_12,0.0
Agency_29,SKU_04,46.976580545870526
Agency_57,SKU_05,3351.263697731688
Agency_37,SKU_21,0.0
Agency_10,SKU_34,0.0
Agency_23,SKU_31,0.0
Agency_35,SKU_27,0.0
Agency_41,SKU_11,0.0
Agency_33,SKU_28,0.0
Agency_50,SKU_34,0.0
Agency_07,SKU_23,0.0
Agency_22,SKU_18,0.0
Agency_22,SKU_03,78.87789834882453
Agency_51,SKU_02,4934.122417329934
Agency_16,SKU_08,0.0
Agency_16,SKU_15,0.0
Agency_09,SKU_20,0.0
Agency_24,SKU_17,0.0
Agency_51,SKU_21,0.0
Agency_53,SKU_26,0.0
Agency_18,SKU_12,0.0
Agency_24,SKU_06,0.0
Agency_46,SKU_34,0.0
Agency_11,SKU_17,0.0
Agency_57,SKU_24,0.0
Agency_27,SKU_34,0.0
Agency_15,SKU_28,0.0
Agency_45,SKU_32,0.0
Agency_45,SKU_21,0.0
Agency_46,SKU_24,0.0
Agency_45,SKU_05,768.3016062057591
Agency_56,SKU_05,200.96622072284413
Agency_36,SKU_32,0.0
Agency_27,SKU_04,3107.620098917164
Agency_29,SKU_23,0.0
Agency_20,SKU_20,0.0
Agency_32,SKU_14,0.7198724312214801
Agency_25,SKU_17,0.0
Agency_21,SKU_02,118.2096673475358
Agency_53,SKU_05,8298.956081070053
Agency_42,SKU_27,0.0
Agency_44,SKU_17,0.0
Agency_22,SKU_28,0.0
Agency_31,SKU_27,0.0
Agency_38,SKU_06,0.0
Agency_45,SKU_23,0.0
Agency_17,SKU_31,0.0
Agency_27,SKU_20,0.0
Agency_27,SKU_26,0.0
Agency_55,SKU_14,0.0
Agency_11,SKU_23,0.0
Agency_33,SKU_23,0.0
Agency_41,SKU_26,0.0
Agency_46,SKU_32,0.0
Agency_60,SKU_11,0.0
Agency_34,SKU_06,0.0
Agency_60,SKU_24,0.0
Agency_51,SKU_23,0.0
Agency_13,SKU_17,0.0
Agency_39,SKU_17,0.0
Agency_11,SKU_12,0.0
Agency_28,SKU_20,0.0
Agency_50,SKU_06,0.0
Agency_37,SKU_26,0.0
Agency_32,SKU_27,0.0
Agency_31,SKU_23,0.0
Agency_24,SKU_21,0.05975318390842051
Agency_31,SKU_05,26.825484108758577
Agency_36,SKU_20,0.0
Agency_23,SKU_26,0.0
Agency_44,SKU_23,0.0
Agency_13,SKU_07,2.755075208472557
Agency_42,SKU_22,0.0
Agency_17,SKU_04,301.00719641726204
Agency_43,SKU_03,24.81480250738138
Agency_11,SKU_03,221.3383822971368
Agency_25,SKU_31,0.0
Agency_21,SKU_12,0.0
Agency_11,SKU_26,0.0
Agency_26,SKU_31,0.0
Agency_60,SKU_20,0.0
Agency_48,SKU_11,0.0
Agency_46,SKU_05,4657.558679734204
Agency_54,SKU_20,0.0
Agency_52,SKU_27,0.0
Agency_09,SKU_15,0.0
Agency_36,SKU_26,0.0
Agency_05,SKU_28,0.0
Agency_58,SKU_06,0.0
Agency_15,SKU_07,0.0
Agency_52,SKU_17,0.0
Agency_26,SKU_07,0.0
Agency_51,SKU_32,0.0
Agency_38,SKU_31,0.0
Agency_38,SKU_14,0.0
Agency_45,SKU_18,0.0
Agency_39,SKU_07,11.81942011132593
Agency_29,SKU_32,0.0
Agency_12,SKU_01,11150.315098699704
Agency_36,SKU_18,0.0
Agency_25,SKU_20,0.0
Agency_19,SKU_03,46.02450170217819
Agency_03,SKU_28,0.0
Agency_07,SKU_02,890.4863993356163
Agency_35,SKU_32,0.10854460604397101
Agency_03,SKU_27,0.0
Agency_30,SKU_22,0.0
Agency_34,SKU_17,0.0
Agency_02,SKU_26,0.0
Agency_05,SKU_02,945.218025500498
Agency_40,SKU_26,0.0
Agency_44,SKU_01,22.51391431282014
Agency_11,SKU_06,0.0
Agency_18,SKU_05,449.8349879213294
Agency_22,SKU_07,0.0
Agency_16,SKU_05,1386.0031667849503
Agency_16,SKU_26,0.0
Agency_53,SKU_22,0.0
Agency_28,SKU_23,0.0
Agency_31,SKU_18,0.0
Agency_46,SKU_28,0.0
Agency_22,SKU_08,0.0
Agency_53,SKU_23,0.0
Agency_34,SKU_07,0.0
Agency_56,SKU_23,0.0
Agency_34,SKU_22,0.03486841759022004
Agency_54,SKU_01,56.60423271770725
Agency_29,SKU_28,0.0
Agency_09,SKU_21,0.9733636330070351
Agency_51,SKU_26,0.0
Agency_58,SKU_27,0.0
Agency_28,SKU_17,0.0
Agency_50,SKU_27,0.0
Agency_18,SKU_02,49.03787196216338
Agency_19,SKU_31,0.0
Agency_12,SKU_22,0.0
Agency_27,SKU_14,0.0
Agency_54,SKU_34,0.0
Agency_59,SKU_26,0.0
Agency_17,SKU_01,152.28962937523076
Agency_38,SKU_01,12076.14817033286
Agency_17,SKU_12,0.0
Agency_38,SKU_11,0.0
Agency_38,SKU_05,2874.212297591452
Agency_27,SKU_24,0.0
Agency_52,SKU_28,0.0
Agency_53,SKU_28,0.0
Agency_23,SKU_24,0.0
Agency_55,SKU_05,1063.9630612318047
Agency_08,SKU_06,0.0
Agency_17,SKU_02,1157.5967249265339
Agency_26,SKU_20,0.0
Agency_25,SKU_18,0.0
Agency_17,SKU_24,0.0
Agency_57,SKU_12,0.0
Agency_56,SKU_11,0.0
Agency_12,SKU_34,0.0
Agency_49,SKU_26,0.0
Agency_47,SKU_21,0.0
Agency_27,SKU_15,0.0
Agency_45,SKU_28,0.0
Agency_58,SKU_14,0.0
Agency_51,SKU_03,5374.117862304536
Agency_41,SKU_05,2846.3889674433954
Agency_44,SKU_21,0.0
Agency_54,SKU_22,0.0
Agency_18,SKU_11,0.0
Agency_11,SKU_18,0.0
Agency_48,SKU_04,2484.0017354578044
Agency_19,SKU_18,0.0
Agency_12,SKU_28,0.0
Agency_29,SKU_05,24.25371326804275
Agency_57,SKU_21,0.0
Agency_56,SKU_18,0.0
Agency_36,SKU_23,0.0
Agency_35,SKU_08,0.0
Agency_52,SKU_05,737.975765006581
Agency_43,SKU_01,315.2651391821136
Agency_47,SKU_01,3.7943395263324433
Agency_58,SKU_02,4238.732173757179
Agency_21,SKU_08,0.0
Agency_25,SKU_01,4.661796387102424
Agency_59,SKU_03,607.0128482029164
Agency_35,SKU_17,0.0
Agency_43,SKU_21,0.0
Agency_44,SKU_06,0.0
Agency_18,SKU_17,0.0
Agency_54,SKU_23,0.0
Agency_28,SKU_03,18.292394025478995
Agency_15,SKU_26,0.0
Agency_02,SKU_12,16.886890729560104
Agency_16,SKU_02,5742.294346275025
Agency_55,SKU_22,0.0
Agency_21,SKU_14,0.0
Agency_13,SKU_02,6361.029485465875
Agency_13,SKU_21,0.0
Agency_24,SKU_23,0.0
Agency_23,SKU_15,0.0
Agency_07,SKU_24,0.0
Agency_49,SKU_20,0.0
Agency_22,SKU_34,0.0
Agency_59,SKU_11,0.0
Agency_21,SKU_01,44.82222323499443
Agency_25,SKU_28,0.0
Agency_12,SKU_32,0.0
Agency_03,SKU_02,327.1313603670808
Agency_29,SKU_18,0.0
Agency_55,SKU_03,7540.276277338777
Agency_37,SKU_18,0.525805373760212
Agency_20,SKU_23,0.0
Agency_04,SKU_11,0.0
Agency_38,SKU_32,0.0
Agency_07,SKU_17,0.0
Agency_48,SKU_22,0.0
Agency_39,SKU_15,0.0
Agency_35,SKU_23,0.0
Agency_02,SKU_06,0.0
Agency_11,SKU_15,0.0
Agency_31,SKU_11,0.0
Agency_33,SKU_21,0.0
Agency_57,SKU_26,0.0
Agency_48,SKU_28,0.7274242776571143
Agency_38,SKU_12,0.0
Agency_33,SKU_31,0.0
Agency_50,SKU_15,0.0
Agency_11,SKU_11,0.0
Agency_16,SKU_27,0.0
Agency_13,SKU_26,0.0
Agency_41,SKU_23,0.0
Agency_43,SKU_02,438.8108287755261
Agency_48,SKU_23,0.4054603529215848
Agency_55,SKU_18,0.0
Agency_25,SKU_23,0.0
Agency_29,SKU_07,0.0
Agency_60,SKU_17,0.0
Agency_03,SKU_15,0.0
Agency_53,SKU_01,3315.665451318393
Agency_17,SKU_27,0.0
Agency_03,SKU_07,0.0
Agency_55,SKU_02,731.7170223646775
Agency_45,SKU_04,323.1043596872239
Agency_57,SKU_28,0.0
Agency_51,SKU_31,0.0
Agency_41,SKU_34,0.0
Agency_08,SKU_22,0.0
Agency_20,SKU_04,2169.489851436774
Agency_57,SKU_27,0.0
Agency_10,SKU_05,464.4172888338248
Agency_01,SKU_21,0.0
Agency_26,SKU_18,0.5092997493142615
Agency_26,SKU_24,0.0
Agency_07,SKU_20,0.0
Agency_21,SKU_32,0.0
Agency_45,SKU_34,0.0
Agency_50,SKU_31,0.0
Agency_05,SKU_07,0.0
Agency_31,SKU_34,0.0
Agency_59,SKU_08,0.0
Agency_42,SKU_08,0.0
Agency_57,SKU_15,0.0
Agency_08,SKU_04,181.61675946869047
Agency_57,SKU_34,0.0
Agency_03,SKU_05,705.7473543915405
Agency_16,SKU_17,0.0
Agency_45,SKU_06,0.0
Agency_39,SKU_11,0.0
Agency_39,SKU_05,4351.992997749861
Agency_30,SKU_04,3697.266030250095
Agency_56,SKU_24,0.0
Agency_52,SKU_15,0.0
Agency_01,SKU_04,70.61528093116293
Agency_60,SKU_18,0.0
Agency_11,SKU_07,0.0
Agency_27,SKU_01,2439.141358830898
Agency_28,SKU_06,722.8744646734124
Agency_33,SKU_12,0.0
Agency_34,SKU_32,0.0
Agency_12,SKU_23,0.0
Agency_32,SKU_04,2870.082657968281
Agency_32,SKU_08,0.0
Agency_10,SKU_02,217.05064982839002
Agency_24,SKU_11,0.0
Agency_37,SKU_27,0.0
Agency_41,SKU_04,896.6043697147021
Agency_39,SKU_22,0.0
Agency_22,SKU_17,0.0
Agency_53,SKU_21,0.0
Agency_41,SKU_20,0.0
Agency_32,SKU_28,0.0
Agency_47,SKU_18,0.0
Agency_15,SKU_31,0.0
Agency_23,SKU_12,0.0
Agency_46,SKU_04,4137.55418265052
Agency_07,SKU_31,0.0
Agency_23,SKU_34,0.0
Agency_05,SKU_21,15.480527891375978
Agency_07,SKU_14,0.0
Agency_40,SKU_14,0.0
Agency_09,SKU_03,8110.98486425919
Agency_01,SKU_28,0.0
Agency_23,SKU_07,0.0
Agency_21,SKU_23,0.0
Agency_36,SKU_34,0.0
Agency_16,SKU_20,0.8926914071514471
Agency_40,SKU_18,0.7499476885726539
Agency_40,SKU_28,0.0
Agency_10,SKU_27,0.0
Agency_07,SKU_26,0.0
Agency_46,SKU_07,0.0
Agency_13,SKU_14,0.0
Agency_16,SKU_01,7441.345975174706
Agency_54,SKU_03,209.37172293015308
Agency_05,SKU_18,0.0
Agency_54,SKU_08,0.0
Agency_36,SKU_05,0.0
Agency_11,SKU_04,99.85220533862639
Agency_26,SKU_15,0.0
Agency_44,SKU_34,0.0
Agency_53,SKU_06,0.0
Agency_01,SKU_34,0.0
Agency_21,SKU_34,0.0
Agency_52,SKU_01,172.14798861873697
Agency_59,SKU_06,0.0
Agency_41,SKU_28,0.0
Agency_13,SKU_32,0.0
Agency_31,SKU_21,0.0
Agency_17,SKU_07,0.0
Agency_28,SKU_27,0.0
Agency_08,SKU_27,0.0
Agency_05,SKU_12,0.0
Agency_37,SKU_32,0.0
Agency_43,SKU_11,0.0
Agency_12,SKU_11,0.0
Agency_36,SKU_28,0.0
Agency_25,SKU_34,0.0
Agency_56,SKU_22,0.0
Agency_26,SKU_22,0.0
Agency_51,SKU_14,0.0
Agency_30,SKU_17,0.0
Agency_60,SKU_22,0.0
Agency_42,SKU_20,0.0
Agency_59,SKU_01,7304.920468709277
Agency_03,SKU_32,0.2215039530198913
Agency_52,SKU_34,0.0
Agency_45,SKU_22,0.0
Agency_26,SKU_02,1.4874319310872273
Agency_35,SKU_04,11.443957079336407
Agency_15,SKU_01,1128.476796928855
Agency_41,SKU_17,0.0
Agency_24,SKU_34,0.0
Agency_20,SKU_07,1.0073001854115962
Agency_52,SKU_03,44.623458647373276
Agency_34,SKU_02,0.0
Agency_34,SKU_08,0.0
Agency_15,SKU_06,0.0
Agency_18,SKU_31,0.0
Agency_37,SKU_24,0.0
Agency_05,SKU_05,272.85958644859437
Agency_42,SKU_11,0.0
Agency_01,SKU_08,0.0
Agency_43,SKU_28,0.0
Agency_35,SKU_07,0.0
Agency_09,SKU_26,0.0
Agency_40,SKU_07,0.0
Agency_45,SKU_07,0.0
Agency_51,SKU_04,3985.289847134382
Agency_32,SKU_24,0.0
Agency_35,SKU_20,0.0
Agency_43,SKU_32,0.0
Agency_40,SKU_22,0.0
Agency_24,SKU_14,0.0
Agency_60,SKU_15,0.0
Agency_59,SKU_24,0.0
Agency_36,SKU_06,0.0
Agency_51,SKU_17,0.11431132086931006
Agency_37,SKU_06,0.0
Agency_30,SKU_28,0.0
Agency_09,SKU_12,0.0
Agency_27,SKU_17,0.0
Agency_07,SKU_22,0.0
Agency_07,SKU_01,9815.761657664201
Agency_18,SKU_32,0.0
Agency_38,SKU_34,0.0
Agency_15,SKU_02,770.5300769313699
Agency_45,SKU_03,26.66285141338674
Agency_24,SKU_12,0.0
Agency_07,SKU_15,0.0
Agency_49,SKU_04,2569.6574978945237
Agency_60,SKU_28,0.0
Agency_15,SKU_21,0.0
Agency_21,SKU_04,37.88614981119859
Agency_03,SKU_12,0.0
Agency_46,SKU_03,3679.6327849752884
Agency_55,SKU_27,0.0
Agency_16,SKU_31,0.0
Agency_08,SKU_32,0.0
Agency_48,SKU_12,0.0
Agency_37,SKU_07,0.0
Agency_05,SKU_22,0.0
Agency_28,SKU_01,57.91474213869495
Agency_36,SKU_17,0.0
Agency_54,SKU_05,106.64832704803743
Agency_35,SKU_14,0.0
Agency_37,SKU_23,0.0
Agency_11,SKU_32,0.0
Agency_47,SKU_04,55.62627553882096
Agency_04,SKU_34,0.0
Agency_39,SKU_12,0.0
Agency_28,SKU_31,0.0
Agency_26,SKU_23,0.0
Agency_58,SKU_34,0.0
Agency_15,SKU_08,0.0
Agency_47,SKU_05,0.2677324094219326
Agency_24,SKU_05,399.6082371424912
Agency_39,SKU_01,3728.1834487630695
Agency_54,SKU_24,0.0
Agency_24,SKU_15,0.0
Agency_09,SKU_23,0.0
Agency_38,SKU_02,4814.555812991725
Agency_46,SKU_06,0.0
Agency_15,SKU_14,0.0
Agency_16,SKU_32,0.0
Agency_24,SKU_08,0.0
Agency_51,SKU_07,0.2654716986493932
Agency_30,SKU_15,0.0
Agency_22,SKU_02,164.31905379281488
Agency_46,SKU_27,0.0
Agency_59,SKU_28,0.0
Agency_08,SKU_05,6.734941538813533
Agency_49,SKU_31,0.0
Agency_25,SKU_26,0.0
Agency_32,SKU_32,0.0
Agency_26,SKU_28,0.0
Agency_55,SKU_07,0.0
Agency_43,SKU_08,0.0
Agency_07,SKU_28,0.0
Agency_08,SKU_15,0.0
Agency_60,SKU_04,1852.4626669110087
Agency_51,SKU_08,0.0
Agency_59,SKU_05,1584.825038326385
Agency_04,SKU_14,0.0
Agency_20,SKU_26,0.0
Agency_04,SKU_15,0.0
Agency_32,SKU_22,0.0
Agency_26,SKU_05,0.28413937792817323
Agency_34,SKU_26,0.0
Agency_04,SKU_04,43.55211555330386
Agency_43,SKU_07,0.0
Agency_46,SKU_26,0.0
Agency_36,SKU_21,0.0
Agency_38,SKU_08,0.0
Agency_49,SKU_28,0.0
Agency_08,SKU_28,0.0
Agency_21,SKU_27,0.0
Agency_19,SKU_01,31.925741012945814
Agency_42,SKU_18,0.0
Agency_28,SKU_02,16.013931463587813
Agency_59,SKU_20,0.0
Agency_30,SKU_23,0.0
Agency_08,SKU_07,0.0
Agency_09,SKU_05,1235.4452370434747
Agency_02,SKU_11,1.6341438164534232
Agency_23,SKU_05,624.2238168442674
Agency_21,SKU_31,0.0
Agency_49,SKU_07,10.231169728005371
Agency_10,SKU_18,0.0
Agency_43,SKU_20,0.0
Agency_56,SKU_07,0.0
Agency_40,SKU_05,0.0
Agency_45,SKU_17,0.0
Agency_04,SKU_03,566.9910419370893
Agency_47,SKU_28,0.0
Agency_48,SKU_15,0.0
Agency_25,SKU_12,0.0
Agency_19,SKU_32,0.0
Agency_03,SKU_31,0.0
Agency_28,SKU_08,8.159923883303495
Agency_03,SKU_34,0.0
Agency_29,SKU_01,10.694461845278035
Agency_49,SKU_32,0.0
Agency_24,SKU_07,0.0
Agency_16,SKU_34,0.0
Agency_28,SKU_07,0.0
Agency_11,SKU_08,0.0
Agency_22,SKU_06,0.0
Agency_24,SKU_28,0.0
Agency_30,SKU_03,12719.164919382109
Agency_04,SKU_20,0.0
Agency_54,SKU_31,0.0
Agency_08,SKU_21,0.0
Agency_02,SKU_20,0.0
Agency_47,SKU_26,0.0
Agency_53,SKU_32,0.0
Agency_50,SKU_01,1480.1220921795098
Agency_30,SKU_02,192.415017589653
Agency_17,SKU_20,0.0
Agency_41,SKU_22,0.0
Agency_47,SKU_17,0.07125437639147679
Agency_34,SKU_27,0.0
Agency_19,SKU_07,0.0
Agency_53,SKU_04,2684.5827279813666
Agency_31,SKU_24,0.0
Agency_48,SKU_17,3.247855075395333
Agency_43,SKU_34,0.0
Agency_55,SKU_28,0.0
Agency_27,SKU_21,0.0
Agency_08,SKU_20,0.0
Agency_32,SKU_06,0.0
Agency_56,SKU_31,0.0
Agency_15,SKU_12,0.0
Agency_27,SKU_03,5941.3418563199475
Agency_18,SKU_23,0.0
Agency_33,SKU_07,0.0
Agency_29,SKU_12,0.0
Agency_21,SKU_18,0.0
Agency_48,SKU_03,11322.861717905984
Agency_45,SKU_01,66.55971834988944
Agency_12,SKU_04,1501.2536950138765
Agency_19,SKU_11,0.0
Agency_33,SKU_26,0.0
Agency_21,SKU_07,0.0
Agency_47,SKU_22,0.0
Agency_39,SKU_18,0.0
Agency_36,SKU_31,0.0
Agency_03,SKU_21,0.0
Agency_18,SKU_07,0.0
Agency_49,SKU_17,0.0
Agency_47,SKU_27,0.0
Agency_55,SKU_23,0.0
Agency_41,SKU_31,0.0
Agency_32,SKU_05,3832.566832603855
Agency_25,SKU_02,62.63426769749362
Agency_12,SKU_27,0.0
Agency_47,SKU_31,0.0
Agency_34,SKU_01,0.0
Agency_24,SKU_26,0.0
Agency_44,SKU_20,0.0
Agency_29,SKU_24,0.0
Agency_38,SKU_03,2307.017387237442
Agency_26,SKU_32,0.0
Agency_58,SKU_15,0.0
Agency_43,SKU_15,0.0
Agency_41,SKU_18,0.0
Agency_35,SKU_06,0.0
Agency_09,SKU_06,0.0
Agency_52,SKU_31,0.0
Agency_33,SKU_02,0.0
Agency_04,SKU_07,0.0
Agency_38,SKU_21,0.0
Agency_28,SKU_32,0.0
Agency_22,SKU_31,0.0
Agency_46,SKU_22,0.0
Agency_11,SKU_20,0.0
Agency_09,SKU_27,1.0639531037732053
Agency_39,SKU_24,0.0
Agency_04,SKU_17,0.0
Agency_08,SKU_14,0.0
Agency_33,SKU_34,0.0
Agency_30,SKU_14,0.0
Agency_60,SKU_01,11421.182944935033
Agency_04,SKU_26,0.0
Agency_19,SKU_22,0.0
Agency_29,SKU_08,1.9606847327868446
Agency_10,SKU_31,0.0
Agency_31,SKU_08,2.984095720239452
Agency_21,SKU_15,0.0
Agency_01,SKU_11,23.023162476532242
Agency_56,SKU_21,0.0
Agency_31,SKU_04,700.5044459475032
Agency_54,SKU_32,0.0
Agency_42,SKU_15,0.0
Agency_22,SKU_01,108.06236206044778
Agency_29,SKU_31,0.0
Agency_50,SKU_23,0.0
Agency_45,SKU_14,0.0
Agency_54,SKU_27,0.0
Agency_42,SKU_26,0.0
Agency_04,SKU_05,0.8893604391851256
Agency_57,SKU_23,3.2163636489632363
Agency_07,SKU_07,0.0
Agency_47,SKU_32,0.0
Agency_57,SKU_08,0.0
Agency_09,SKU_17,0.0
Agency_11,SKU_34,0.0
Agency_03,SKU_06,0.0
Agency_20,SKU_27,0.0
Agency_33,SKU_14,0.0
Agency_41,SKU_15,0.0
Agency_42,SKU_07,0.0
Agency_21,SKU_17,0.0
Agency_23,SKU_32,0.0
Agency_15,SKU_24,0.0
Agency_29,SKU_11,0.0
Agency_59,SKU_02,6071.357764259373
Agency_47,SKU_03,247.50814466062167
Agency_51,SKU_11,0.0
Agency_37,SKU_31,0.0
Agency_57,SKU_14,0.0
Agency_50,SKU_05,3594.735312611082
Agency_45,SKU_24,0.0
Agency_39,SKU_02,5234.689543730099
Agency_03,SKU_23,0.0
Agency_27,SKU_05,79.37090089285681
Agency_60,SKU_03,316.8886571472998
Agency_59,SKU_22,0.0
Agency_40,SKU_04,687.0339012487514
Agency_20,SKU_02,13290.891425020609
Agency_19,SKU_23,0.0
Agency_52,SKU_22,0.0
Agency_18,SKU_14,0.0
Agency_56,SKU_26,0.0
Agency_40,SKU_03,22.59896540629682
Agency_37,SKU_08,0.0
Agency_40,SKU_17,0.0
Agency_10,SKU_11,0.0
Agency_31,SKU_32,0.0
Agency_16,SKU_24,0.0
Agency_43,SKU_04,147.77946926969202
Agency_43,SKU_26,0.0
Agency_47,SKU_11,0.0
Agency_56,SKU_02,516.602398762249
Agency_37,SKU_02,0.0
Agency_40,SKU_23,0.0
Agency_49,SKU_12,0.0
Agency_05,SKU_26,33.006866487440696
Agency_15,SKU_11,0.0
Agency_49,SKU_11,0.0
Agency_24,SKU_03,5.779153785771708
Agency_04,SKU_18,0.0
Agency_19,SKU_06,0.0
Agency_13,SKU_23,0.0
Agency_36,SKU_27,0.0
Agency_33,SKU_18,4.05885962490356
Agency_10,SKU_28,0.0
Agency_36,SKU_01,0.0
Agency_28,SKU_15,0.0
Agency_47,SKU_02,0.62530980014706
Agency_38,SKU_18,0.0
Agency_16,SKU_28,0.0
Agency_12,SKU_02,8244.27812572729
Agency_17,SKU_15,0.0
Agency_44,SKU_32,0.0
Agency_20,SKU_24,0.0
Agency_52,SKU_32,0.0
Agency_29,SKU_15,0.0
Agency_31,SKU_17,0.0
Agency_58,SKU_12,0.0
Agency_54,SKU_12,0.0
Agency_36,SKU_07,0.0
Agency_01,SKU_02,14.884574082907331
Agency_44,SKU_07,0.0
Agency_10,SKU_23,0.0
Agency_38,SKU_17,0.0
Agency_32,SKU_17,0.0
Agency_57,SKU_04,3057.3909691740755
Agency_38,SKU_24,0.0
Agency_16,SKU_04,660.850155070405
Agency_53,SKU_18,0.0
Agency_58,SKU_24,0.0
Agency_49,SKU_06,0.0
Agency_02,SKU_17,0.0
Agency_41,SKU_27,0.0
Agency_10,SKU_08,0.0
Agency_44,SKU_18,0.0
Agency_21,SKU_22,0.0
Agency_05,SKU_01,8103.393420503406
Agency_55,SKU_11,0.0
Agency_26,SKU_12,0.0
Agency_19,SKU_27,0.0
Agency_31,SKU_12,0.0
Agency_05,SKU_31,0.0
Agency_54,SKU_04,150.05465400647176
Agency_42,SKU_21,0.0
Agency_20,SKU_22,0.0
Agency_32,SKU_01,1533.334801732595
Agency_34,SKU_14,0.0
Agency_48,SKU_31,0.0
Agency_52,SKU_24,0.0
Agency_45,SKU_31,0.0
Agency_30,SKU_08,79.42455827992295
Agency_12,SKU_05,2337.171701387791
Agency_05,SKU_15,0.0
Agency_20,SKU_17,0.0
Agency_17,SKU_21,0.0
Agency_34,SKU_03,1.5133585893681127
Agency_21,SKU_20,0.0
Agency_20,SKU_28,0.0
Agency_10,SKU_15,0.0
Agency_22,SKU_05,275.02846074228376
Agency_50,SKU_11,0.0
Agency_26,SKU_34,0.0
Agency_54,SKU_18,0.0
Agency_36,SKU_08,0.0
Agency_05,SKU_17,0.0
Agency_46,SKU_31,0.0
Agency_03,SKU_01,606.4489200354882
Agency_09,SKU_08,0.0
Agency_52,SKU_20,0.0
Agency_15,SKU_27,0.0
Agency_52,SKU_07,0.0
Agency_52,SKU_21,0.0
Agency_41,SKU_01,5280.417918980686
Agency_04,SKU_21,0.0
Agency_35,SKU_31,0.0
Agency_36,SKU_14,0.0
Agency_50,SKU_32,0.0
Agency_10,SKU_04,964.4612945737038
Agency_07,SKU_12,0.0
Agency_55,SKU_17,0.0
Agency_28,SKU_28,0.0
Agency_51,SKU_05,2201.419027969231
Agency_28,SKU_05,1.5956710337074638
Agency_01,SKU_22,0.0
Agency_42,SKU_04,145.48773650220429
Agency_46,SKU_20,0.0
Agency_50,SKU_02,9892.707806066303
Agency_19,SKU_15,0.0
Agency_07,SKU_34,0.0
Agency_29,SKU_27,0.0
Agency_51,SKU_15,0.0
Agency_26,SKU_11,3.225863103086005
Agency_43,SKU_24,0.0
Agency_42,SKU_06,0.0
Agency_41,SKU_03,1363.1682526186912
Agency_44,SKU_26,0.0
Agency_33,SKU_01,0.0
Agency_32,SKU_20,0.0
Agency_51,SKU_34,0.0
Agency_37,SKU_03,0.0
Agency_24,SKU_31,0.0
Agency_01,SKU_20,0.0
Agency_20,SKU_05,3187.070107857094
